id;flatid;flatdesc;block_id
1;101;Block E - 101;5
2;102;Block E - 102;5
3;103;Block E - 103;5
4;104;Block E - 104;5
5;105;Block E - 105;5
6;106;Block E - 106;5
7;107;Block E - 107;5
8;108;Block E - 108;5
9;109;Block E - 109;5
10;110;Block E - 110;5
11;201;Block E - 201;5
12;202;Block E - 202;5
13;203;Block E - 203;5
14;204;Block E - 204;5
15;205;Block E - 205;5
16;206;Block E - 206;5
17;207;Block E - 207;5
18;208;Block E - 208;5
19;209;Block E - 209;5
20;210;Block E - 210;5
21;301;Block E - 301;5
22;302;Block E - 302;5
23;303;Block E - 303;5
24;304;Block E - 304;5
25;305;Block E - 305;5
26;306;Block E - 306;5
27;307;Block E - 307;5
28;308;Block E - 308;5
29;309;Block E - 309;5
30;310;Block E - 310;5
31;401;Block E - 401;5
32;402;Block E - 402;5
33;403;Block E - 403;5
34;404;Block E - 404;5
35;405;Block E - 405;5
36;406;Block E - 406;5
37;407;Block E - 407;5
38;408;Block E - 408;5
39;409;Block E - 409;5
40;410;Block E - 410;5
41;501;Block E - 501;5
42;502;Block E - 502;5
43;503;Block E - 503;5
44;504;Block E - 504;5
45;505;Block E - 505;5
46;506;Block E - 506;5
47;507;Block E - 507;5
48;508;Block E - 508;5
49;509;Block E - 509;5
50;510;Block E - 510;5
51;601;Block E - 601;5
52;602;Block E - 602;5
53;603;Block E - 603;5
54;604;Block E - 604;5
55;605;Block E - 605;5
56;606;Block E - 606;5
57;607;Block E - 607;5
58;608;Block E - 608;5
59;609;Block E - 609;5
60;610;Block E - 610;5
61;701;Block E - 701;5
62;702;Block E - 702;5
63;703;Block E - 703;5
64;704;Block E - 704;5
65;705;Block E - 705;5
66;706;Block E - 706;5
67;707;Block E - 707;5
68;708;Block E - 708;5
69;709;Block E - 709;5
70;710;Block E - 710;5
71;801;Block E - 801;5
72;802;Block E - 802;5
73;803;Block E - 803;5
74;804;Block E - 804;5
75;805;Block E - 805;5
76;806;Block E - 806;5
77;807;Block E - 807;5
78;808;Block E - 808;5
79;809;Block E - 809;5
80;810;Block E - 810;5
81;901;Block E - 901;5
82;902;Block E - 902;5
83;903;Block E - 903;5
84;904;Block E - 904;5
85;905;Block E - 905;5
86;906;Block E - 906;5
87;907;Block E - 907;5
88;908;Block E - 908;5
89;909;Block E - 909;5
90;910;Block E - 910;5
91;101;Block F - 101;6
92;102;Block F - 102;6
93;103;Block F - 103;6
94;104;Block F - 104;6
95;105;Block F - 105;6
96;106;Block F - 106;6
97;107;Block F - 107;6
98;108;Block F - 108;6
99;201;Block F - 201;6
100;202;Block F - 202;6
101;203;Block F - 203;6
102;204;Block F - 204;6
103;205;Block F - 205;6
104;206;Block F - 206;6
105;207;Block F - 207;6
106;208;Block F - 208;6
107;301;Block F - 301;6
108;302;Block F - 302;6
109;303;Block F - 303;6
110;304;Block F - 304;6
111;305;Block F - 305;6
112;306;Block F - 306;6
113;307;Block F - 307;6
114;308;Block F - 308;6
115;401;Block F - 401;6
116;402;Block F - 402;6
117;403;Block F - 403;6
118;404;Block F - 404;6
119;405;Block F - 405;6
120;406;Block F - 406;6
121;407;Block F - 407;6
122;408;Block F - 408;6
123;501;Block F - 501;6
124;502;Block F - 502;6
125;503;Block F - 503;6
126;504;Block F - 504;6
127;505;Block F - 505;6
128;506;Block F - 506;6
129;507;Block F - 507;6
130;508;Block F - 508;6
131;601;Block F - 601;6
132;602;Block F - 602;6
133;603;Block F - 603;6
134;604;Block F - 604;6
135;605;Block F - 605;6
136;606;Block F - 606;6
137;607;Block F - 607;6
138;608;Block F - 608;6
139;701;Block F - 701;6
140;702;Block F - 702;6
141;703;Block F - 703;6
142;704;Block F - 704;6
143;705;Block F - 705;6
144;706;Block F - 706;6
145;707;Block F - 707;6
146;708;Block F - 708;6
147;801;Block F - 801;6
148;802;Block F - 802;6
149;803;Block F - 803;6
150;804;Block F - 804;6
151;805;Block F - 805;6
152;806;Block F - 806;6
153;807;Block F - 807;6
154;808;Block F - 808;6
155;901;Block F - 901;6
156;902;Block F - 902;6
157;903;Block F - 903;6
158;904;Block F - 904;6
159;905;Block F - 905;6
160;906;Block F - 906;6
161;907;Block F - 907;6
162;908;Block F - 908;6
